<application>
  <component name="ProjectJdkTable">
    <jdk version="2">
      <name value="Python 3.7" />
      <type value="Python SDK" />
      <version value="Python 3.7.1" />
      <homePath value="D:\Miniconda3\python.exe" />
      <roots>
        <classPath>
          <root type="composite">
            <root url="file://D:/Miniconda3/DLLs" type="simple" />
            <root url="file://D:/Miniconda3/Lib" type="simple" />
            <root url="file://D:/Miniconda3/Lib/site-packages" type="simple" />
            <root url="file://D:/Miniconda3/Lib/site-packages/win32" type="simple" />
            <root url="file://D:/Miniconda3/Lib/site-packages/win32/lib" type="simple" />
            <root url="file://D:/Miniconda3/Lib/site-packages/pythonwin" type="simple" />
            <root url="file://$USER_HOME$/.PyCharm2019.2/system/python_stubs/-1726219285" type="simple" />
            <root url="file://$APPLICATION_HOME_DIR$/helpers/python-skeletons" type="simple" />
            <root url="file://$APPLICATION_HOME_DIR$/helpers/typeshed/stdlib/3" type="simple" />
            <root url="file://$APPLICATION_HOME_DIR$/helpers/typeshed/stdlib/2and3" type="simple" />
            <root url="file://$APPLICATION_HOME_DIR$/helpers/typeshed/third_party/3" type="simple" />
            <root url="file://$APPLICATION_HOME_DIR$/helpers/typeshed/third_party/2and3" type="simple" />
          </root>
        </classPath>
        <sourcePath>
          <root type="composite" />
        </sourcePath>
      </roots>
      <additional />
    </jdk>
    <jdk version="2">
      <name value="Python 3.7 (sail-env)" />
      <type value="Python SDK" />
      <version value="Python 3.7.4" />
      <homePath value="D:\Miniconda3\envs\sail-env\python.exe" />
      <roots>
        <classPath>
          <root type="composite">
            <root url="file://D:/Miniconda3/envs/sail-env/DLLs" type="simple" />
            <root url="file://D:/Miniconda3/envs/sail-env/Lib" type="simple" />
            <root url="file://D:/Miniconda3/envs/sail-env/Lib/site-packages" type="simple" />
            <root url="file://D:/Miniconda3/envs/sail-env/Lib/site-packages/win32" type="simple" />
            <root url="file://D:/Miniconda3/envs/sail-env/Lib/site-packages/win32/lib" type="simple" />
            <root url="file://D:/Miniconda3/envs/sail-env/Lib/site-packages/pythonwin" type="simple" />
            <root url="file://$USER_HOME$/.PyCharm2019.2/system/python_stubs/1306785280" type="simple" />
            <root url="file://$APPLICATION_HOME_DIR$/helpers/python-skeletons" type="simple" />
            <root url="file://$APPLICATION_HOME_DIR$/helpers/typeshed/stdlib/3" type="simple" />
            <root url="file://$APPLICATION_HOME_DIR$/helpers/typeshed/stdlib/2and3" type="simple" />
            <root url="file://$APPLICATION_HOME_DIR$/helpers/typeshed/third_party/3" type="simple" />
            <root url="file://$APPLICATION_HOME_DIR$/helpers/typeshed/third_party/2and3" type="simple" />
          </root>
        </classPath>
        <sourcePath>
          <root type="composite" />
        </sourcePath>
      </roots>
      <additional ASSOCIATED_PROJECT_PATH="E:/workdir/svn/python/sail" />
    </jdk>
    <jdk version="2">
      <name value="Python 3.6 (knb-env)" />
      <type value="Python SDK" />
      <version value="Python 3.6.9" />
      <homePath value="D:\Miniconda3\envs\knb-env\python.exe" />
      <roots>
        <classPath>
          <root type="composite">
            <root url="file://D:/Miniconda3/envs/knb-env/DLLs" type="simple" />
            <root url="file://D:/Miniconda3/envs/knb-env/Lib" type="simple" />
            <root url="file://$USER_HOME$/AppData/Roaming/Python/Python36/site-packages" type="simple" />
            <root url="file://D:/Miniconda3/envs/knb-env/Lib/site-packages" type="simple" />
            <root url="file://D:/Miniconda3/envs/knb-env/Lib/site-packages/win32" type="simple" />
            <root url="file://D:/Miniconda3/envs/knb-env/Lib/site-packages/win32/lib" type="simple" />
            <root url="file://D:/Miniconda3/envs/knb-env/Lib/site-packages/pythonwin" type="simple" />
            <root url="file://$USER_HOME$/.PyCharm2019.2/system/python_stubs/1262607374" type="simple" />
            <root url="file://$APPLICATION_HOME_DIR$/helpers/python-skeletons" type="simple" />
            <root url="file://$APPLICATION_HOME_DIR$/helpers/typeshed/stdlib/3" type="simple" />
            <root url="file://$APPLICATION_HOME_DIR$/helpers/typeshed/stdlib/2and3" type="simple" />
            <root url="file://$APPLICATION_HOME_DIR$/helpers/typeshed/third_party/3" type="simple" />
            <root url="file://$APPLICATION_HOME_DIR$/helpers/typeshed/third_party/2and3" type="simple" />
          </root>
        </classPath>
        <sourcePath>
          <root type="composite" />
        </sourcePath>
      </roots>
      <additional ASSOCIATED_PROJECT_PATH="E:/workdir/svn/backend/kaleido/kaleido-notebook" />
    </jdk>
    <jdk version="2">
      <name value="Python 3.7 (BeijingModel)" />
      <type value="Python SDK" />
      <version value="Python 3.7.1" />
      <homePath value="E:\workdir\tmp\BeijingModel\venv\Scripts\python.exe" />
      <roots>
        <classPath>
          <root type="composite">
            <root url="file://D:/Miniconda3/DLLs" type="simple" />
            <root url="file://D:/Miniconda3/Lib" type="simple" />
            <root url="file://D:/Miniconda3" type="simple" />
            <root url="file://E:/workdir/tmp/BeijingModel/venv" type="simple" />
            <root url="file://E:/workdir/tmp/BeijingModel/venv/Lib/site-packages" type="simple" />
            <root url="jar://E:/workdir/tmp/BeijingModel/venv/Lib/site-packages/setuptools-40.8.0-py3.7.egg!/" type="simple" />
            <root url="file://E:/workdir/tmp/BeijingModel/venv/Lib/site-packages/pip-19.0.3-py3.7.egg" type="simple" />
            <root url="file://$USER_HOME$/.PyCharm2019.2/system/python_stubs/-1450905088" type="simple" />
            <root url="file://$APPLICATION_HOME_DIR$/helpers/python-skeletons" type="simple" />
            <root url="file://$APPLICATION_HOME_DIR$/helpers/typeshed/stdlib/3" type="simple" />
            <root url="file://$APPLICATION_HOME_DIR$/helpers/typeshed/stdlib/2and3" type="simple" />
            <root url="file://$APPLICATION_HOME_DIR$/helpers/typeshed/third_party/3" type="simple" />
            <root url="file://$APPLICATION_HOME_DIR$/helpers/typeshed/third_party/2and3" type="simple" />
          </root>
        </classPath>
        <sourcePath>
          <root type="composite" />
        </sourcePath>
      </roots>
      <additional ASSOCIATED_PROJECT_PATH="E:/workdir/tmp/BeijingModel" />
    </jdk>
  </component>
</application>