<application>
  <component name="RemoteServers">
    <remote-server name="Docker-19" type="docker">
      <configuration>
        <option name="apiUrl" value="tcp://192.168.100.19:2375" />
        <option name="pathMappings">
          <list>
            <DockerPathMappingImpl>
              <option name="localPath" value="E:\workdir\tmp" />
              <option name="virtualMachinePath" value="/e/workdir/tmp" />
            </DockerPathMappingImpl>
          </list>
        </option>
      </configuration>
    </remote-server>
  </component>
</application>