<profile version="1.0">
  <option name="myName" value="Default" />
  <inspection_tool class="Eslint" enabled="true" level="WARNING" enabled_by_default="true" />
  <inspection_tool class="JSHint" enabled="true" level="ERROR" enabled_by_default="true" />
  <inspection_tool class="PyUnresolvedReferencesInspection" enabled="true" level="WARNING" enabled_by_default="true">
    <option name="ignoredIdentifiers">
      <list>
        <option value="dict.itervalues" />
        <option value="dict.iteritems" />
      </list>
    </option>
  </inspection_tool>
</profile>